{
    "block_count": 1000,
    "transaction_count": 1000,
    "overall_performance": {
        "method": "overall",
        "min_request_time": {
            "etherscan": 0.581005,
            "moralis": 0.240232,
            "infura": 0.463139,
            "ethereum_api": 0.175357
        },
        "max_request_time": {
            "etherscan": 0.692158,
            "moralis": 0.68491,
            "infura": 0.589164,
            "ethereum_api": 0.703976
        },
        "average_request_time": {
            "etherscan": 0.6089564499999999,
            "moralis": 0.36349784999999996,
            "infura": 0.49001279999999997,
            "ethereum_api": 0.5244431
        },
        "95th_percentile": {
            "etherscan": 0.6493567,
            "moralis": 0.6785573500000001,
            "infura": 0.50865245,
            "ethereum_api": 0.69751885
        },
        "99th_percentile": {
            "etherscan": 0.68359774,
            "moralis": 0.68363947,
            "infura": 0.5730616899999998,
            "ethereum_api": 0.7026845700000001
        }
    },
    "get_block_performance": {
        "method": "get_block",
        "min_request_time": {
            "etherscan": 0.587916,
            "moralis": 0.264075,
            "infura": 0.473762,
            "ethereum_api": 0.40381
        },
        "max_request_time": {
            "etherscan": 0.647104,
            "moralis": 0.68491,
            "infura": 0.589164,
            "ethereum_api": 0.703976
        },
        "average_request_time": {
            "etherscan": 0.6052901999999999,
            "moralis": 0.44035149999999995,
            "infura": 0.49825269999999994,
            "ethereum_api": 0.5346846000000001
        },
        "95th_percentile": {
            "etherscan": 0.6345566499999999,
            "moralis": 0.68190085,
            "infura": 0.5510269499999999,
            "ethereum_api": 0.66754715
        },
        "99th_percentile": {
            "etherscan": 0.64459453,
            "moralis": 0.68430817,
            "infura": 0.58153659,
            "ethereum_api": 0.6966902300000001
        }
    },
    "get_transaction_performance": {
        "method": "get_transaction",
        "min_request_time": {
            "etherscan": 0.581005,
            "moralis": 0.240232,
            "infura": 0.463139,
            "ethereum_api": 0.175357
        },
        "max_request_time": {
            "etherscan": 0.692158,
            "moralis": 0.408043,
            "infura": 0.498452,
            "ethereum_api": 0.697179
        },
        "average_request_time": {
            "etherscan": 0.6126227,
            "moralis": 0.2866442,
            "infura": 0.4817729,
            "ethereum_api": 0.5142016
        },
        "95th_percentile": {
            "etherscan": 0.65920135,
            "moralis": 0.38074329999999995,
            "infura": 0.49432955,
            "ethereum_api": 0.69601485
        },
        "99th_percentile": {
            "etherscan": 0.68556667,
            "moralis": 0.40258306,
            "infura": 0.49762751,
            "ethereum_api": 0.69694617
        }
    }
}