{
    "0xfE3B138879D6d0555bE4132DcfE6E7424E257A2E": 0.9993793233298635,
    "0x1A4b46696b2bB4794Eb3D4c26f1c55F9170fa4C5": 0.9977622832967312,
    "0xc5102fE9359FD9a28f877a67E36B0F050d81a3CC": 0.9931000636078292,
    "0xbD9908b0Cdd50386F92efCC8e1d71766C2782Df0": 0.9897205936871,
    "0x31429d1856aD1377A8A0079410B297e1a9e214c2": 0.9877431463743788,
    "0xB69753c06BB5c366BE51E73bFc0cC2e3DC07E371": 0.9866620906582991,
    "0xCdF7028ceAB81fA0C6971208e83fa7872994beE5": 0.9849331376236128,
    "0x6Bba316c48b49BD1eAc44573c5c871ff02958469": 0.9817519617008883,
    "0xF4Dc48D260C93ad6a96c5Ce563E70CA578987c74": 0.9809970087842347,
    "0x830a8512db4F6fCA51968593E2667156C2c483A8": 0.980264503434829,
    "0xd9Fcd98c322942075A5C3860693e9f4f03AAE07b": 0.9780042112188718,
    "0x6f80310CA7F2C654691D1383149Fa1A57d8AB1f8": 0.9769374641212598,
    "0x9DB0FB0Aebe6A925B7838D16e3993A3976A64AaB": 0.9762389685163758,
    "0xf2051511B9b121394FA75B8F7d4E7424337af687": 0.9731778234672724,
    "0xfb5453340C03db5aDe474b27E68B6a9c6b2823Eb": 0.968261964876256,
    "0x875773784Af8135eA0ef43b5a374AaD105c5D39e": 0.9678776994376372,
    "0xd15eCDCF5Ea68e3995b2D0527A0aE0a3258302F8": 0.9654540415127904,
    "0x3446Dd70B2D52A6Bf4a5a192D9b0A161295aB7F9": 0.9524112017152039,
    "0xb24cd494faE4C180A89975F1328Eab2a7D5d8f11": 0.9491193139301092,
    "0x4D0F56d728c5232ab07fAA0BdcbA23670A35451f": 0.9458798256132208,
    "0xb622400807765e73107B7196F444866D7EdF6f62": 0.9356558154719655,
    "0xc747F9D3E6B34596977e79F09a2aB122042673E1": 0.9325162075729138,
    "0x3486b751a36F731A1bEbFf779374baD635864919": 0.9216771677334193,
    "0x63125c0d5Cd9071de9A1ac84c400982f41C697AE": 0.8582313240579466,
    "0xDCd2B58585DF999DD145e529f09e8ACaFA6cd244": 0.7856378492968039
}