{
    "0xfE3B138879D6d0555bE4132DcfE6E7424E257A2E": 0.9989564648725746,
    "0x1A4b46696b2bB4794Eb3D4c26f1c55F9170fa4C5": 0.9970666839176616,
    "0xc5102fE9359FD9a28f877a67E36B0F050d81a3CC": 0.993745407238875,
    "0xbD9908b0Cdd50386F92efCC8e1d71766C2782Df0": 0.9898488664424887,
    "0xf2051511B9b121394FA75B8F7d4E7424337af687": 0.9892778260506312,
    "0xd9Fcd98c322942075A5C3860693e9f4f03AAE07b": 0.988628330369896,
    "0x31429d1856aD1377A8A0079410B297e1a9e214c2": 0.9883291047616034,
    "0xB69753c06BB5c366BE51E73bFc0cC2e3DC07E371": 0.9873681090879831,
    "0xCdF7028ceAB81fA0C6971208e83fa7872994beE5": 0.983073799634772,
    "0xF4Dc48D260C93ad6a96c5Ce563E70CA578987c74": 0.9823241191734792,
    "0x6f80310CA7F2C654691D1383149Fa1A57d8AB1f8": 0.9818694777704391,
    "0x830a8512db4F6fCA51968593E2667156C2c483A8": 0.9808296927653756,
    "0x6Bba316c48b49BD1eAc44573c5c871ff02958469": 0.9802349277686733,
    "0x9DB0FB0Aebe6A925B7838D16e3993A3976A64AaB": 0.9767110075890475,
    "0xfb5453340C03db5aDe474b27E68B6a9c6b2823Eb": 0.9752469060853296,
    "0xd15eCDCF5Ea68e3995b2D0527A0aE0a3258302F8": 0.9702617720688392,
    "0x875773784Af8135eA0ef43b5a374AaD105c5D39e": 0.9697696879622667,
    "0x3446Dd70B2D52A6Bf4a5a192D9b0A161295aB7F9": 0.9556469333311105,
    "0xb24cd494faE4C180A89975F1328Eab2a7D5d8f11": 0.9496754566826128,
    "0x4D0F56d728c5232ab07fAA0BdcbA23670A35451f": 0.9425164996244256,
    "0xb622400807765e73107B7196F444866D7EdF6f62": 0.9366047824994458,
    "0x3486b751a36F731A1bEbFf779374baD635864919": 0.9248919520326826,
    "0xc747F9D3E6B34596977e79F09a2aB122042673E1": 0.9052493778322712,
    "0x63125c0d5Cd9071de9A1ac84c400982f41C697AE": 0.8648791413356945,
    "0xDCd2B58585DF999DD145e529f09e8ACaFA6cd244": 0.7951423783812434
}