{
    "block_count": 10,
    "transaction_count": 10,
    "overall_performance_difference": {
        "method": "overall",
        "timeframe": "overall",
        "min_request_time": {
            "etherscan": -0.0045959999999999335,
            "moralis": -0.020948999999999995,
            "infura": -0.014369999999999994,
            "ethereum_api": 0.0006690000000000029
        },
        "max_request_time": {
            "etherscan": -0.5516989999999999,
            "moralis": 0.17482700000000007,
            "infura": -0.718277,
            "ethereum_api": 1.128043
        },
        "average_request_time": {
            "etherscan": -0.2085680000000002,
            "moralis": 0.03391454999999999,
            "infura": -0.194152,
            "ethereum_api": 0.019847450000000016
        },
        "95th_percentile": {
            "etherscan": -0.6088111,
            "moralis": 0.1981200500000001,
            "infura": -0.6562220500000001,
            "ethereum_api": -0.08715614999999904
        },
        "99th_percentile": {
            "etherscan": -0.5631214200000001,
            "moralis": 0.17948561000000018,
            "infura": -0.70586601,
            "ethereum_api": 0.8850031699999984
        }
    },
    "overall_early_performance": {
        "method": "overall",
        "timeframe": "early",
        "min_request_time": {
            "etherscan": 0.58224,
            "moralis": 0.256065,
            "infura": 0.483164,
            "ethereum_api": 0.075311
        },
        "max_request_time": {
            "etherscan": 1.700639,
            "moralis": 0.84636,
            "infura": 1.898295,
            "ethereum_api": 0.521165
        },
        "average_request_time": {
            "etherscan": 0.9005152500000001,
            "moralis": 0.4138512,
            "infura": 0.7887539,
            "ethereum_api": 0.18467579999999997
        },
        "95th_percentile": {
            "etherscan": 1.5304208500000003,
            "moralis": 0.6275294000000001,
            "infura": 1.5889854500000002,
            "ethereum_api": 0.43632810000000005
        },
        "99th_percentile": {
            "etherscan": 1.6665953699999998,
            "moralis": 0.8025938799999996,
            "infura": 1.8364330899999997,
            "ethereum_api": 0.5041976199999999
        }
    },
    "overall_late_performance": {
        "method": "overall",
        "timeframe": "late",
        "min_request_time": {
            "etherscan": 0.577644,
            "moralis": 0.235116,
            "infura": 0.468794,
            "ethereum_api": 0.07598
        },
        "max_request_time": {
            "etherscan": 1.14894,
            "moralis": 1.021187,
            "infura": 1.180018,
            "ethereum_api": 1.649208
        },
        "average_request_time": {
            "etherscan": 0.6919472499999999,
            "moralis": 0.44776574999999996,
            "infura": 0.5946019,
            "ethereum_api": 0.20452325
        },
        "95th_percentile": {
            "etherscan": 0.9216097500000002,
            "moralis": 0.8256494500000002,
            "infura": 0.9327634000000001,
            "ethereum_api": 0.349171950000001
        },
        "99th_percentile": {
            "etherscan": 1.1034739499999997,
            "moralis": 0.9820794899999998,
            "infura": 1.1305670799999996,
            "ethereum_api": 1.3892007899999983
        }
    },
    "get_block_early_performance": {
        "method": "get_block",
        "timeframe": "early",
        "min_request_time": {
            "etherscan": 0.625997,
            "moralis": 0.256065,
            "infura": 0.52168,
            "ethereum_api": 0.075311
        },
        "max_request_time": {
            "etherscan": 1.700639,
            "moralis": 0.616012,
            "infura": 1.898295,
            "ethereum_api": 0.431863
        },
        "average_request_time": {
            "etherscan": 1.0276501000000002,
            "moralis": 0.4142334,
            "infura": 0.9266935999999999,
            "ethereum_api": 0.19273859999999998
        },
        "95th_percentile": {
            "etherscan": 1.62000935,
            "moralis": 0.5765667999999999,
            "infura": 1.7517799499999998,
            "ethereum_api": 0.42433404999999996
        },
        "99th_percentile": {
            "etherscan": 1.68451307,
            "moralis": 0.60812296,
            "infura": 1.86899199,
            "ethereum_api": 0.43035721
        }
    },
    "get_block_late_performance": {
        "method": "get_block",
        "timeframe": "late",
        "min_request_time": {
            "etherscan": 0.622533,
            "moralis": 0.295391,
            "infura": 0.520727,
            "ethereum_api": 0.088149
        },
        "max_request_time": {
            "etherscan": 1.14894,
            "moralis": 1.021187,
            "infura": 1.180018,
            "ethereum_api": 1.649208
        },
        "average_request_time": {
            "etherscan": 0.7759406,
            "moralis": 0.6330645,
            "infura": 0.700065,
            "ethereum_api": 0.29867380000000004
        },
        "95th_percentile": {
            "etherscan": 1.0412572499999997,
            "moralis": 0.9285639499999998,
            "infura": 1.0628973999999998,
            "ethereum_api": 1.0334014499999986
        },
        "99th_percentile": {
            "etherscan": 1.12740345,
            "moralis": 1.00266239,
            "infura": 1.15659388,
            "ethereum_api": 1.5260466900000003
        }
    },
    "get_transaction_early_performance": {
        "method": "get_transaction",
        "timeframe": "early",
        "min_request_time": {
            "etherscan": 0.58224,
            "moralis": 0.271151,
            "infura": 0.483164,
            "ethereum_api": 0.092899
        },
        "max_request_time": {
            "etherscan": 1.001548,
            "moralis": 0.84636,
            "infura": 1.53213,
            "ethereum_api": 0.521165
        },
        "average_request_time": {
            "etherscan": 0.7733804,
            "moralis": 0.413469,
            "infura": 0.6508141999999999,
            "ethereum_api": 0.17661300000000002
        },
        "95th_percentile": {
            "etherscan": 0.9921461500000001,
            "moralis": 0.6757429499999996,
            "infura": 1.147532999999999,
            "ethereum_api": 0.39185479999999967
        },
        "99th_percentile": {
            "etherscan": 0.9996676300000001,
            "moralis": 0.81223659,
            "infura": 1.4552106,
            "ethereum_api": 0.49530296
        }
    },
    "get_transaction_late_performance": {
        "method": "get_transaction",
        "timeframe": "late",
        "min_request_time": {
            "etherscan": 0.577644,
            "moralis": 0.235116,
            "infura": 0.468794,
            "ethereum_api": 0.07598
        },
        "max_request_time": {
            "etherscan": 0.653845,
            "moralis": 0.294168,
            "infura": 0.502557,
            "ethereum_api": 0.241002
        },
        "average_request_time": {
            "etherscan": 0.6079539,
            "moralis": 0.262467,
            "infura": 0.4891388,
            "ethereum_api": 0.11037270000000002
        },
        "95th_percentile": {
            "etherscan": 0.64450885,
            "moralis": 0.28946685,
            "infura": 0.50074845,
            "ethereum_api": 0.2002801499999999
        },
        "99th_percentile": {
            "etherscan": 0.65197777,
            "moralis": 0.29322777,
            "infura": 0.5021952900000001,
            "ethereum_api": 0.23285763
        }
    }
}