{
    "block_count": 1000,
    "transaction_count": 1000,
    "overall_performance": {
        "method": "overall",
        "min_request_time": {
            "ethereum_api": 0.057009,
            "etherscan": 0.521104,
            "infura": 0.436827,
            "moralis": 0.18928
        },
        "max_request_time": {
            "ethereum_api": 2.66114,
            "etherscan": 10.244851,
            "infura": 1.489118,
            "moralis": 3.9698
        },
        "average_request_time": {
            "ethereum_api": 0.22941504199999982,
            "etherscan": 0.6853782590000006,
            "infura": 0.4820987095000007,
            "moralis": 0.3454911720000001
        },
        "25th_percentile": {
            "ethereum_api": 0.15000850000000002,
            "etherscan": 0.5537935,
            "infura": 0.46663075,
            "moralis": 0.229124
        },
        "75th_percentile": {
            "ethereum_api": 0.263509,
            "etherscan": 0.58584675,
            "infura": 0.4880215,
            "moralis": 0.3996095
        },
        "95th_percentile": {
            "ethereum_api": 0.44733224999999993,
            "etherscan": 1.5790211,
            "infura": 0.51275105,
            "moralis": 0.7484016
        }
    },
    "get_block_performance": {
        "method": "get_block",
        "min_request_time": {
            "ethereum_api": 0.125093,
            "etherscan": 0.5273,
            "infura": 0.440561,
            "moralis": 0.191944
        },
        "max_request_time": {
            "ethereum_api": 2.66114,
            "etherscan": 8.002835,
            "infura": 1.130443,
            "moralis": 3.9698
        },
        "average_request_time": {
            "ethereum_api": 0.2548539850000002,
            "etherscan": 0.6905937819999994,
            "infura": 0.4843259750000004,
            "moralis": 0.41036712000000025
        },
        "25th_percentile": {
            "ethereum_api": 0.19514875,
            "etherscan": 0.55393125,
            "infura": 0.46899575000000004,
            "moralis": 0.24966
        },
        "75th_percentile": {
            "ethereum_api": 0.26970375,
            "etherscan": 0.5868327499999999,
            "infura": 0.48957249999999997,
            "moralis": 0.46252825
        },
        "95th_percentile": {
            "ethereum_api": 0.44292075,
            "etherscan": 1.5750634000000001,
            "infura": 0.51527125,
            "moralis": 0.7761972499999995
        }
    },
    "get_transaction_performance": {
        "method": "get_transaction",
        "min_request_time": {
            "ethereum_api": 0.057009,
            "etherscan": 0.521104,
            "infura": 0.436827,
            "moralis": 0.18928
        },
        "max_request_time": {
            "ethereum_api": 0.747335,
            "etherscan": 10.244851,
            "infura": 1.489118,
            "moralis": 1.382163
        },
        "average_request_time": {
            "ethereum_api": 0.2039760990000003,
            "etherscan": 0.6801627360000003,
            "infura": 0.47987144399999987,
            "moralis": 0.280615224
        },
        "25th_percentile": {
            "ethereum_api": 0.11736175,
            "etherscan": 0.5535537500000001,
            "infura": 0.4644335,
            "moralis": 0.22441125
        },
        "75th_percentile": {
            "ethereum_api": 0.2509375,
            "etherscan": 0.5853265,
            "infura": 0.48673625,
            "moralis": 0.26090800000000003
        },
        "95th_percentile": {
            "ethereum_api": 0.4504799,
            "etherscan": 1.57919615,
            "infura": 0.5117475,
            "moralis": 0.7083462499999996
        }
    }
}