{
    "block_count": 1000,
    "transaction_count": 1000,
    "overall_performance_difference": {
        "method": "overall",
        "timeframe": "overall",
        "min_request_time": {
            "etherscan": -0.03889200000000004,
            "moralis": -0.009248000000000006,
            "infura": -0.011778999999999984,
            "ethereum_api": 0.009818000000000007
        },
        "max_request_time": {
            "etherscan": -1.0403,
            "moralis": 0.25065999999999994,
            "infura": -0.40904699999999994,
            "ethereum_api": -0.32789099999999993
        },
        "average_request_time": {
            "etherscan": -0.2588963499999999,
            "moralis": 0.06561090000000003,
            "infura": -0.12061869999999997,
            "ethereum_api": -0.04484445000000002
        },
        "95th_percentile": {
            "etherscan": -0.9418059,
            "moralis": 0.2698832499999999,
            "infura": -0.22246319999999997,
            "ethereum_api": -0.12190820000000013
        },
        "99th_percentile": {
            "etherscan": -1.0206011799999999,
            "moralis": 0.25450465,
            "infura": -0.37173023999999966,
            "ethereum_api": -0.2866944399999997
        }
    },
    "overall_performance_difference_percentage": {
        "method": "overall",
        "timeframe": "overall",
        "min_request_time": {
            "etherscan": -6.397141912530293,
            "moralis": -3.8017249175772254,
            "infura": -2.4552473381858775,
            "ethereum_api": 15.145157807052739
        },
        "max_request_time": {
            "etherscan": -52.640154474539635,
            "moralis": 52.34766736906295,
            "infura": -29.690872956537262,
            "ethereum_api": -65.54804789796694
        },
        "average_request_time": {
            "etherscan": -27.199953310816266,
            "moralis": 19.324374812329207,
            "infura": -16.904498225863456,
            "ethereum_api": -30.87524067250949
        },
        "95th_percentile": {
            "etherscan": -52.04954148001375,
            "moralis": 59.886096188276326,
            "infura": -19.500343964079068,
            "ethereum_api": -46.49588935714319
        },
        "99th_percentile": {
            "etherscan": -52.53014501628211,
            "moralis": 53.78353492703398,
            "infura": -27.943083674436213,
            "ethereum_api": -63.340771986318735
        }
    },
    "overall_early_performance": {
        "method": "overall",
        "timeframe": "early",
        "min_request_time": {
            "etherscan": 0.607959,
            "moralis": 0.243258,
            "infura": 0.479748,
            "ethereum_api": 0.064826
        },
        "max_request_time": {
            "etherscan": 1.976248,
            "moralis": 0.478837,
            "infura": 1.377686,
            "ethereum_api": 0.50023
        },
        "average_request_time": {
            "etherscan": 0.9518264499999999,
            "moralis": 0.33952405,
            "infura": 0.7135302,
            "ethereum_api": 0.14524405
        },
        "95th_percentile": {
            "etherscan": 1.8094413,
            "moralis": 0.45066095000000006,
            "infura": 1.1408168,
            "ethereum_api": 0.26219135000000016
        },
        "99th_percentile": {
            "etherscan": 1.9428866599999999,
            "moralis": 0.47320178999999996,
            "infura": 1.3303121599999996,
            "ethereum_api": 0.45262226999999966
        }
    },
    "overall_late_performance": {
        "method": "overall",
        "timeframe": "late",
        "min_request_time": {
            "etherscan": 0.569067,
            "moralis": 0.23401,
            "infura": 0.467969,
            "ethereum_api": 0.074644
        },
        "max_request_time": {
            "etherscan": 0.935948,
            "moralis": 0.729497,
            "infura": 0.968639,
            "ethereum_api": 0.172339
        },
        "average_request_time": {
            "etherscan": 0.6929301,
            "moralis": 0.40513495000000005,
            "infura": 0.5929115,
            "ethereum_api": 0.10039959999999999
        },
        "95th_percentile": {
            "etherscan": 0.8676354000000001,
            "moralis": 0.7205442,
            "infura": 0.9183536000000001,
            "ethereum_api": 0.14028315000000002
        },
        "99th_percentile": {
            "etherscan": 0.9222854799999999,
            "moralis": 0.72770644,
            "infura": 0.95858192,
            "ethereum_api": 0.16592782999999994
        }
    },
    "get_block_early_performance": {
        "method": "get_block",
        "timeframe": "early",
        "min_request_time": {
            "etherscan": 0.667227,
            "moralis": 0.243258,
            "infura": 0.500081,
            "ethereum_api": 0.09024
        },
        "max_request_time": {
            "etherscan": 1.976248,
            "moralis": 0.478837,
            "infura": 1.377686,
            "ethereum_api": 0.241048
        },
        "average_request_time": {
            "etherscan": 1.0303322,
            "moralis": 0.3298736,
            "infura": 0.7663491,
            "ethereum_api": 0.1225463
        },
        "95th_percentile": {
            "etherscan": 1.8972342999999998,
            "moralis": 0.46549045,
            "infura": 1.1307772999999994,
            "ethereum_api": 0.1935995499999999
        },
        "99th_percentile": {
            "etherscan": 1.96044526,
            "moralis": 0.47616769000000003,
            "infura": 1.3283042600000001,
            "ethereum_api": 0.23155831000000002
        }
    },
    "get_block_late_performance": {
        "method": "get_block",
        "timeframe": "late",
        "min_request_time": {
            "etherscan": 0.624152,
            "moralis": 0.267195,
            "infura": 0.5836,
            "ethereum_api": 0.075699
        },
        "max_request_time": {
            "etherscan": 0.935948,
            "moralis": 0.729497,
            "infura": 0.968639,
            "ethereum_api": 0.172339
        },
        "average_request_time": {
            "etherscan": 0.7985745,
            "moralis": 0.5485786000000001,
            "infura": 0.6914887999999999,
            "ethereum_api": 0.1143468
        },
        "95th_percentile": {
            "etherscan": 0.9035894,
            "moralis": 0.7252561999999999,
            "infura": 0.9448196,
            "ethereum_api": 0.15715464999999995
        },
        "99th_percentile": {
            "etherscan": 0.92947628,
            "moralis": 0.72864884,
            "infura": 0.9638751200000001,
            "ethereum_api": 0.16930213
        }
    },
    "get_transaction_early_performance": {
        "method": "get_transaction",
        "timeframe": "early",
        "min_request_time": {
            "etherscan": 0.607959,
            "moralis": 0.256407,
            "infura": 0.479748,
            "ethereum_api": 0.064826
        },
        "max_request_time": {
            "etherscan": 1.334912,
            "moralis": 0.44118,
            "infura": 1.12835,
            "ethereum_api": 0.50023
        },
        "average_request_time": {
            "etherscan": 0.8733207000000001,
            "moralis": 0.3491745,
            "infura": 0.6607112999999999,
            "ethereum_api": 0.16794179999999997
        },
        "95th_percentile": {
            "etherscan": 1.2871013,
            "moralis": 0.43914960000000003,
            "infura": 0.9602385499999996,
            "ethereum_api": 0.3874748499999997
        },
        "99th_percentile": {
            "etherscan": 1.3253498600000002,
            "moralis": 0.44077392000000004,
            "infura": 1.09472771,
            "ethereum_api": 0.47767897
        }
    },
    "get_transaction_late_performance": {
        "method": "get_transaction",
        "timeframe": "late",