{
    "block_count": 1000,
    "transaction_count": 1000,
    "overall_performance_difference": {
        "method": "overall",
        "timeframe": "overall",
        "min_request_time": {
            "ethereum_api": 0.034556,
            "etherscan": -0.0025140000000000162,
            "infura": -0.014461000000000002,
            "moralis": -0.0011350000000000249
        },
        "max_request_time": {
            "ethereum_api": 0.349039,
            "etherscan": 3.1088510000000005,
            "infura": -0.32841600000000004,
            "moralis": -1.2818770000000002
        },
        "average_request_time": {
            "ethereum_api": 0.12729161291420735,
            "etherscan": -0.005925281465231191,
            "infura": -0.009017791326913938,
            "moralis": 0.07728575553526712
        },
        "25th_percentile": {
            "ethereum_api": 0.07561249999999999,
            "etherscan": -0.0050619999999999,
            "infura": -0.0013107500000000272,
            "moralis": 0.006685500000000011
        },
        "75th_percentile": {
            "ethereum_api": 0.20649150000000002,
            "etherscan": -0.0075545000000000195,
            "infura": -0.005336000000000007,
            "moralis": 0.17709550000000002
        },
        "95th_percentile": {
            "ethereum_api": 0.1885839000000002,
            "etherscan": -0.007195249999999875,
            "infura": -0.0317734500000002,
            "moralis": 0.05929279999999926
        }
    },
    "overall_performance_difference_percentage": {
        "method": "overall",
        "timeframe": "overall",
        "min_request_time": {
            "ethereum_api": 56.184963579604585,
            "etherscan": -0.4725404027683304,
            "infura": -3.2286224603706186,
            "moralis": -0.5636670639650501
        },
        "max_request_time": {
            "ethereum_api": 52.32144864751426,
            "etherscan": 66.31588737320399,
            "infura": -17.32786156958296,
            "moralis": -37.92755437889298
        },
        "average_request_time": {
            "ethereum_api": 81.86944802615547,
            "etherscan": -0.8705003723913607,
            "infura": -1.7872083915347174,
            "moralis": 27.03704740181691
        },
        "25th_percentile": {
            "ethereum_api": 70.38074715987096,
            "etherscan": -0.8946205241359145,
            "infura": -0.27627235195085315,
            "moralis": 2.89973563849052
        },
        "75th_percentile": {
            "ethereum_api": 122.9258753248145,
            "etherscan": -1.256073989400398,
            "infura": -1.0648743144971398,
            "moralis": 66.94140682585343
        },
        "95th_percentile": {
            "ethereum_api": 56.76399543080066,
            "etherscan": -0.456702272866977,
            "infura": -5.474690919021918,
            "moralis": 8.820120289513474
        }
    },
    "overall_old_performance": {
        "method": "overall",
        "timeframe": "old",
        "min_request_time": {
            "ethereum_api": 0.061504,
            "etherscan": 0.532018,
            "infura": 0.4479,
            "moralis": 0.20136
        },
        "max_request_time": {
            "ethereum_api": 0.667105,
            "etherscan": 4.687943,
            "infura": 1.895306,
            "moralis": 3.379804
        },
        "average_request_time": {
            "ethereum_api": 0.15548121550000008,
            "etherscan": 0.6806753509999989,
            "infura": 0.5045741375000008,
            "moralis": 0.28585131500000055
        },
        "25th_percentile": {
            "ethereum_api": 0.1074335,
            "etherscan": 0.5658265,
            "infura": 0.47444125000000004,
            "moralis": 0.2305555
        },
        "75th_percentile": {
            "ethereum_api": 0.1679805,
            "etherscan": 0.6014375,
            "infura": 0.501092,
            "moralis": 0.264553
        },
        "95th_percentile": {
            "ethereum_api": 0.33222449999999976,
            "etherscan": 1.57547935,
            "infura": 0.5803697499999999,
            "moralis": 0.6722447999999999
        }
    },
    "overall_new_performance": {
        "method": "overall",
        "timeframe": "new",
        "min_request_time": {
            "ethereum_api": 0.09606,
            "etherscan": 0.529504,
            "infura": 0.433439,
            "moralis": 0.200225
        },
        "max_request_time": {
            "ethereum_api": 1.016144,
            "etherscan": 7.796794,
            "infura": 1.56689,
            "moralis": 2.097927
        },
        "average_request_time": {
            "ethereum_api": 0.2827728284142074,
            "etherscan": 0.6747500695347677,
            "infura": 0.49555634617308686,
            "moralis": 0.36313707053526767
        },
        "25th_percentile": {
            "ethereum_api": 0.183046,
            "etherscan": 0.5607645000000001,
            "infura": 0.4731305,
            "moralis": 0.237241
        },
        "75th_percentile": {
            "ethereum_api": 0.374472,
            "etherscan": 0.5938829999999999,
            "infura": 0.495756,
            "moralis": 0.4416485
        },
        "95th_percentile": {
            "ethereum_api": 0.5208084,
            "etherscan": 1.5682841,
            "infura": 0.5485962999999997,
            "moralis": 0.7315375999999991
        }
    },
    "get_block_old_performance": {
        "method": "get_block",
        "timeframe": "old",
        "min_request_time": {
            "ethereum_api": 0.067282,
            "etherscan": 0.532018,
            "infura": 0.450188,
            "moralis": 0.20136
        },
        "max_request_time": {
            "ethereum_api": 0.667105,
            "etherscan": 4.605927,
            "infura": 1.576648,
            "moralis": 1.100103
        },
        "average_request_time": {
            "ethereum_api": 0.131408348,
            "etherscan": 0.6801041969999981,
            "infura": 0.5066628500000001,
            "moralis": 0.2758638119999999
        },
        "25th_percentile": {
            "ethereum_api": 0.10525725,
            "etherscan": 0.5661595,
            "infura": 0.475852,
            "moralis": 0.2306695
        },
        "75th_percentile": {
            "ethereum_api": 0.1417505,
            "etherscan": 0.60733025,
            "infura": 0.5094507500000001,
            "moralis": 0.26614525
        },
        "95th_percentile": {
            "ethereum_api": 0.20125329999999997,
            "etherscan": 1.5677664499999997,
            "infura": 0.5874029,
            "moralis": 0.4728053499999999
        }
    },
    "get_block_new_performance": {
        "method": "get_block",
        "timeframe": "new",
        "min_request_time": {
            "ethereum_api": 0.099657,
            "etherscan": 0.535292,
            "infura": 0.455146,
            "moralis": 0.209969
        },
        "max_request_time": {
            "ethereum_api": 0.752575,
            "etherscan": 3.856985,
            "infura": 1.423579,
            "moralis": 1.426605
        },
        "average_request_time": {
            "ethereum_api": 0.234971756,
            "etherscan": 0.6723829789999997,
            "infura": 0.4973839180000002,
            "moralis": 0.4284207019999999
        },
        "25th_percentile": {
            "ethereum_api": 0.16418725,
            "etherscan": 0.56633725,
            "infura": 0.4787415,
            "moralis": 0.31927425
        },
        "75th_percentile": {
            "ethereum_api": 0.2715665,
            "etherscan": 0.601979,
            "infura": 0.5016325,
            "moralis": 0.472487
        },
        "95th_percentile": {
            "ethereum_api": 0.429369,
            "etherscan": 1.56964365,
            "infura": 0.55534315,
            "moralis": 0.6737313999999998
        }
    },
    "get_transaction_old_performance": {
        "method": "get_transaction",